{
  "id": "devin-nights-free-tokens-ks",
  "title": "Devin Night's Free Tokens (KS)",
  "version": "2.0.0",
  "compatibility": {
    "minimum": "12",
    "verified": "13"
  },
  "authors": [
    {
      "name": "Devin Night",
      "url": "https://immortalnights.com/",
      "flags": {}
    },
    {
      "name": "SirNiloc",
      "email": "sirniloc@ravn-quest.com",
      "url": "https://github.com/SirNiloc",
      "discord": "sirniloc",
      "flags": {}
    }
  ],
  "manifest": "https://github.com/SirNiloc/devin-nights-free-tokens-ks/releases/download/2.0.0/module.json",
  "download": "https://github.com/SirNiloc/devin-nights-free-tokens-ks/releases/download/2.0.0/devin-nights-free-tokens-ks.zip",
  "description": "Module for Devin Night's Free KS Tokens.\n\nThe really awesome tokens were made by Devin Night, he’s so hot right now.\n\nSources Site: https://immortalnights.com/\n\nToken Usage: https://immortalnights.com/tokens/token-usage-rights/",
  "url": "https://github.com/SirNiloc/devin-nights-free-tokens-ks"
}